{"cameraMode":{"drawMode":0,"name":"Shaded","section":"Shading Mode"},"sceneLighting":false,"audioPlay":false,"sceneViewState":{"m_AlwaysRefresh":false,"showFog":true,"showSkybox":false,"showFlares":true,"showImageEffects":true,"showParticleSystems":true,"showVisualEffectGraphs":true,"m_FxEnabled":true},"in2DMode":false,"pivot":{"x":-10.901924133300782,"y":-3.3835811614990236,"z":11.199886322021485},"rotation":{"x":0.06766101717948914,"y":-0.9172506332397461,"z":0.17717526853084565,"w":0.3502819836139679},"size":26.01570701599121,"orthographic":false}