{"cameraMode":{"drawMode":0,"name":"Shaded","section":"Shading Mode"},"sceneLighting":false,"audioPlay":false,"sceneViewState":{"m_AlwaysRefresh":false,"showFog":true,"showSkybox":false,"showFlares":true,"showImageEffects":true,"showParticleSystems":true,"showVisualEffectGraphs":true,"m_FxEnabled":true},"in2DMode":false,"pivot":{"x":0.001269277185201645,"y":0.0034000000450760128,"z":0.0016192771727219225},"rotation":{"x":0.11914487928152085,"y":0.28752461075782778,"z":-0.03607291355729103,"w":0.9496486186981201},"size":0.00480554299429059,"orthographic":false}