{"cameraMode":{"drawMode":0,"name":"Shaded","section":"Shading Mode"},"sceneLighting":false,"audioPlay":false,"sceneViewState":{"m_AlwaysRefresh":false,"showFog":true,"showSkybox":false,"showFlares":true,"showImageEffects":true,"showParticleSystems":true,"showVisualEffectGraphs":true,"m_FxEnabled":true},"in2DMode":false,"pivot":{"x":-0.010748766362667084,"y":0.07472176104784012,"z":-0.0009559690952301025},"rotation":{"x":0.006444456987082958,"y":0.9917559623718262,"z":-0.11537119001150131,"w":0.055398426949977878},"size":0.08904100954532623,"orthographic":false}