{"cameraMode":{"drawMode":0,"name":"Shaded","section":"Shading Mode"},"sceneLighting":false,"audioPlay":false,"sceneViewState":{"m_AlwaysRefresh":false,"showFog":true,"showSkybox":false,"showFlares":true,"showImageEffects":true,"showParticleSystems":true,"showVisualEffectGraphs":true,"m_FxEnabled":true},"in2DMode":false,"pivot":{"x":-0.5195822715759277,"y":0.6843640804290772,"z":-0.4820157289505005},"rotation":{"x":-0.11871255189180374,"y":0.8431979417800903,"z":-0.2079625129699707,"w":-0.48132768273353579},"size":1.1735670566558838,"orthographic":false}