{"cameraMode":{"drawMode":0,"name":"Shaded","section":"Shading Mode"},"sceneLighting":false,"audioPlay":false,"sceneViewState":{"m_AlwaysRefresh":false,"showFog":true,"showSkybox":false,"showFlares":true,"showImageEffects":true,"showParticleSystems":true,"showVisualEffectGraphs":true,"m_FxEnabled":true},"in2DMode":false,"pivot":{"x":0.01944446563720703,"y":1.5056543350219727,"z":-0.019507408142089845},"rotation":{"x":-0.4858166575431824,"y":0.36043477058410647,"z":-0.22966155409812928,"w":-0.762448251247406},"size":21.07352066040039,"orthographic":false}