{"cameraMode":{"drawMode":0,"name":"Shaded","section":"Shading Mode"},"sceneLighting":false,"audioPlay":false,"sceneViewState":{"m_AlwaysRefresh":false,"showFog":true,"showSkybox":false,"showFlares":true,"showImageEffects":true,"showParticleSystems":true,"showVisualEffectGraphs":true,"m_FxEnabled":true},"in2DMode":false,"pivot":{"x":-0.264352023601532,"y":0.007587519474327564,"z":0.39253541827201846},"rotation":{"x":0.0022853869013488294,"y":0.7232450246810913,"z":-0.00239369785413146,"w":0.6905838847160339},"size":0.27088871598243716,"orthographic":false}