{"cameraMode":{"drawMode":0,"name":"Shaded","section":"Shading Mode"},"sceneLighting":false,"audioPlay":false,"sceneViewState":{"m_AlwaysRefresh":false,"showFog":true,"showSkybox":false,"showFlares":true,"showImageEffects":true,"showParticleSystems":true,"showVisualEffectGraphs":true,"m_FxEnabled":true},"in2DMode":false,"pivot":{"x":24.233158111572267,"y":-0.38086938858032229,"z":4.999685287475586},"rotation":{"x":-0.007531917653977871,"y":0.9855636358261108,"z":-0.16290420293807984,"w":-0.04556453600525856},"size":5.4295244216918949,"orthographic":false}