{"cameraMode":{"drawMode":0,"name":"Shaded","section":"Shading Mode"},"sceneLighting":false,"audioPlay":false,"sceneViewState":{"m_AlwaysRefresh":false,"showFog":true,"showSkybox":false,"showFlares":true,"showImageEffects":true,"showParticleSystems":true,"showVisualEffectGraphs":true,"m_FxEnabled":true},"in2DMode":false,"pivot":{"x":-1.0894618034362794,"y":-3.922466278076172,"z":-26.47650909423828},"rotation":{"x":-0.008950876072049141,"y":-0.7047097086906433,"z":-0.7093652486801148,"w":0.00887664221227169},"size":0.40774112939834597,"orthographic":false}