{"cameraMode":{"drawMode":0,"name":"Shaded","section":"Shading Mode"},"sceneLighting":false,"audioPlay":false,"sceneViewState":{"m_AlwaysRefresh":false,"showFog":true,"showSkybox":false,"showFlares":true,"showImageEffects":true,"showParticleSystems":true,"showVisualEffectGraphs":true,"m_FxEnabled":true},"in2DMode":false,"pivot":{"x":0.01156085729598999,"y":0.0038386136293411257,"z":0.0008871909230947495},"rotation":{"x":0.10469883680343628,"y":0.39418092370033266,"z":-0.045255549252033237,"w":0.9119274020195007},"size":0.01835852488875389,"orthographic":false}