{"cameraMode":{"drawMode":0,"name":"Shaded","section":"Shading Mode"},"sceneLighting":false,"audioPlay":false,"sceneViewState":{"m_AlwaysRefresh":false,"showFog":true,"showSkybox":false,"showFlares":true,"showImageEffects":true,"showParticleSystems":true,"showVisualEffectGraphs":true,"m_FxEnabled":true},"in2DMode":false,"pivot":{"x":-0.7747148871421814,"y":-0.06147230416536331,"z":0.11137402057647705},"rotation":{"x":-0.11550625413656235,"y":0.8702659010887146,"z":-0.24395690858364106,"w":-0.4120446443557739},"size":0.1282164603471756,"orthographic":false}